--
-- PostgreSQL database dump
--

-- Dumped from database version 16.9 (Postgres.app)
-- Dumped by pg_dump version 16.9 (Postgres.app)

SET statement_timeout = 0;
SET lock_timeout = 0;
SET idle_in_transaction_session_timeout = 0;
SET client_encoding = 'UTF8';
SET standard_conforming_strings = on;
SELECT pg_catalog.set_config('search_path', '', false);
SET check_function_bodies = false;
SET xmloption = content;
SET client_min_messages = warning;
SET row_security = off;

SET default_tablespace = '';

SET default_table_access_method = heap;

--
-- Name: achat_ticket; Type: TABLE; Schema: public; Owner: postgres
--

CREATE TABLE public.achat_ticket (
    achat_id bigint NOT NULL,
    ticket_id bigint NOT NULL
);


ALTER TABLE public.achat_ticket OWNER TO postgres;

--
-- Name: achats; Type: TABLE; Schema: public; Owner: postgres
--

CREATE TABLE public.achats (
    id bigint NOT NULL,
    date_achat timestamp(6) without time zone,
    nombre_tickets integer NOT NULL,
    prix_total double precision NOT NULL,
    user_id bigint NOT NULL,
    payment_date timestamp(6) without time zone,
    payment_status character varying(255),
    transaction_id character varying(255)
);


ALTER TABLE public.achats OWNER TO postgres;

--
-- Name: achats_id_seq; Type: SEQUENCE; Schema: public; Owner: postgres
--

ALTER TABLE public.achats ALTER COLUMN id ADD GENERATED BY DEFAULT AS IDENTITY (
    SEQUENCE NAME public.achats_id_seq
    START WITH 1
    INCREMENT BY 1
    NO MINVALUE
    NO MAXVALUE
    CACHE 1
);


--
-- Name: administration; Type: TABLE; Schema: public; Owner: postgres
--

CREATE TABLE public.administration (
    id bigint NOT NULL,
    adresse_administration character varying(255) NOT NULL,
    name_administration character varying(255) NOT NULL,
    email character varying(255),
    role character varying(100),
    user_id bigint
);


ALTER TABLE public.administration OWNER TO postgres;

--
-- Name: administration_id_seq; Type: SEQUENCE; Schema: public; Owner: postgres
--

ALTER TABLE public.administration ALTER COLUMN id ADD GENERATED BY DEFAULT AS IDENTITY (
    SEQUENCE NAME public.administration_id_seq
    START WITH 1
    INCREMENT BY 1
    NO MINVALUE
    NO MAXVALUE
    CACHE 1
);


--
-- Name: complexe_sportif; Type: TABLE; Schema: public; Owner: postgres
--

CREATE TABLE public.complexe_sportif (
    id bigint NOT NULL,
    adresse_complexe character varying(255) NOT NULL,
    name_complexe character varying(255) NOT NULL,
    administration_id bigint NOT NULL
);


ALTER TABLE public.complexe_sportif OWNER TO postgres;

--
-- Name: complexe_sportif_id_seq; Type: SEQUENCE; Schema: public; Owner: postgres
--

ALTER TABLE public.complexe_sportif ALTER COLUMN id ADD GENERATED BY DEFAULT AS IDENTITY (
    SEQUENCE NAME public.complexe_sportif_id_seq
    START WITH 1
    INCREMENT BY 1
    NO MINVALUE
    NO MAXVALUE
    CACHE 1
);


--
-- Name: epreuve_sportive; Type: TABLE; Schema: public; Owner: postgres
--

CREATE TABLE public.epreuve_sportive (
    id bigint NOT NULL,
    duration_in_seconds bigint NOT NULL,
    image_url character varying(500),
    name_epreuve_sportive character varying(255) NOT NULL,
    niveau_epreuve character varying(255) NOT NULL,
    type_epreuve_sportive character varying(255) NOT NULL,
    hall_id bigint NOT NULL,
    ticket_price real,
    ticket_id bigint
);


ALTER TABLE public.epreuve_sportive OWNER TO postgres;

--
-- Name: epreuve_sportive_id_seq; Type: SEQUENCE; Schema: public; Owner: postgres
--

ALTER TABLE public.epreuve_sportive ALTER COLUMN id ADD GENERATED BY DEFAULT AS IDENTITY (
    SEQUENCE NAME public.epreuve_sportive_id_seq
    START WITH 1
    INCREMENT BY 1
    NO MINVALUE
    NO MAXVALUE
    CACHE 1
);


--
-- Name: hall; Type: TABLE; Schema: public; Owner: postgres
--

CREATE TABLE public.hall (
    id bigint NOT NULL,
    name character varying(255) NOT NULL,
    number_place integer NOT NULL,
    complexe_sportif_id bigint NOT NULL
);


ALTER TABLE public.hall OWNER TO postgres;

--
-- Name: hall_id_seq; Type: SEQUENCE; Schema: public; Owner: postgres
--

ALTER TABLE public.hall ALTER COLUMN id ADD GENERATED BY DEFAULT AS IDENTITY (
    SEQUENCE NAME public.hall_id_seq
    START WITH 1
    INCREMENT BY 1
    NO MINVALUE
    NO MAXVALUE
    CACHE 1
);


--
-- Name: pdd_seq; Type: SEQUENCE; Schema: public; Owner: postgres
--

CREATE SEQUENCE public.pdd_seq
    START WITH 1
    INCREMENT BY 50
    NO MINVALUE
    NO MAXVALUE
    CACHE 1;


ALTER SEQUENCE public.pdd_seq OWNER TO postgres;

--
-- Name: role; Type: TABLE; Schema: public; Owner: postgres
--

CREATE TABLE public.role (
    id bigint NOT NULL,
    name character varying(255)
);


ALTER TABLE public.role OWNER TO postgres;

--
-- Name: role_id_seq; Type: SEQUENCE; Schema: public; Owner: postgres
--

ALTER TABLE public.role ALTER COLUMN id ADD GENERATED BY DEFAULT AS IDENTITY (
    SEQUENCE NAME public.role_id_seq
    START WITH 1
    INCREMENT BY 1
    NO MINVALUE
    NO MAXVALUE
    CACHE 1
);


--
-- Name: tarif; Type: TABLE; Schema: public; Owner: postgres
--

CREATE TABLE public.tarif (
    id bigint NOT NULL,
    name_tarif character varying(255) NOT NULL,
    offre_tarif character varying(255) NOT NULL,
    tarif double precision NOT NULL,
    epreuve_sportive_id bigint
);


ALTER TABLE public.tarif OWNER TO postgres;

--
-- Name: tarif_id_seq; Type: SEQUENCE; Schema: public; Owner: postgres
--

ALTER TABLE public.tarif ALTER COLUMN id ADD GENERATED BY DEFAULT AS IDENTITY (
    SEQUENCE NAME public.tarif_id_seq
    START WITH 1
    INCREMENT BY 1
    NO MINVALUE
    NO MAXVALUE
    CACHE 1
);


--
-- Name: ticket; Type: TABLE; Schema: public; Owner: postgres
--

CREATE TABLE public.ticket (
    id bigint NOT NULL,
    is_used boolean NOT NULL,
    price double precision NOT NULL,
    remaining_places integer NOT NULL,
    seat character varying(255) NOT NULL,
    start_time_epreuve timestamp(6) without time zone NOT NULL,
    administration_id bigint,
    complexe_sportif_id bigint NOT NULL,
    epreuve_sportive_id bigint NOT NULL,
    hall_id bigint NOT NULL,
    achat_id bigint
);


ALTER TABLE public.ticket OWNER TO postgres;

--
-- Name: ticket_id_seq; Type: SEQUENCE; Schema: public; Owner: postgres
--

ALTER TABLE public.ticket ALTER COLUMN id ADD GENERATED BY DEFAULT AS IDENTITY (
    SEQUENCE NAME public.ticket_id_seq
    START WITH 1
    INCREMENT BY 1
    NO MINVALUE
    NO MAXVALUE
    CACHE 1
);


--
-- Name: ticket_tarif; Type: TABLE; Schema: public; Owner: postgres
--

CREATE TABLE public.ticket_tarif (
    ticket_id bigint NOT NULL,
    tarif_id bigint NOT NULL
);


ALTER TABLE public.ticket_tarif OWNER TO postgres;

--
-- Name: user_roles; Type: TABLE; Schema: public; Owner: postgres
--

CREATE TABLE public.user_roles (
    user_id bigint NOT NULL,
    role_id bigint NOT NULL
);


ALTER TABLE public.user_roles OWNER TO postgres;

--
-- Name: users; Type: TABLE; Schema: public; Owner: postgres
--

CREATE TABLE public.users (
    id bigint NOT NULL,
    password character varying(255) NOT NULL,
    tel character varying(20),
    type character varying(255) NOT NULL,
    username character varying(255) NOT NULL,
    email character varying(255) NOT NULL,
    roles character varying(255)
);


ALTER TABLE public.users OWNER TO postgres;

--
-- Name: users_id_seq; Type: SEQUENCE; Schema: public; Owner: postgres
--

ALTER TABLE public.users ALTER COLUMN id ADD GENERATED BY DEFAULT AS IDENTITY (
    SEQUENCE NAME public.users_id_seq
    START WITH 1
    INCREMENT BY 1
    NO MINVALUE
    NO MAXVALUE
    CACHE 1
);


--
-- Data for Name: achat_ticket; Type: TABLE DATA; Schema: public; Owner: postgres
--

COPY public.achat_ticket (achat_id, ticket_id) FROM stdin;
48	1
48	2
49	1
49	2
\.


--
-- Data for Name: achats; Type: TABLE DATA; Schema: public; Owner: postgres
--

COPY public.achats (id, date_achat, nombre_tickets, prix_total, user_id, payment_date, payment_status, transaction_id) FROM stdin;
7	2024-11-07 17:29:13.892572	5	100	9	\N	\N	\N
8	2024-11-07 18:34:30.184398	5	100	14	\N	\N	\N
9	2024-11-07 18:34:42.721242	5	100	14	\N	\N	\N
10	2024-11-07 18:46:19.43667	5	100	14	\N	\N	\N
11	2024-11-12 16:14:18.281578	5	100	17	\N	\N	\N
12	2024-11-12 16:16:52.387386	5	100	20	\N	\N	\N
13	2024-11-12 16:17:42.558096	5	100	20	\N	\N	\N
14	2024-11-12 16:19:34.969185	10	100	24	\N	\N	\N
15	2024-11-12 18:01:55.313573	5	100	17	\N	\N	\N
16	2024-11-12 18:05:17.180481	5	100	17	\N	\N	\N
17	2024-11-14 19:43:51.275069	5	100	17	\N	\N	\N
18	2024-11-14 19:54:14.728644	5	100	17	\N	\N	\N
48	2024-11-21 19:21:49.726383	2	100	9	\N	\N	\N
49	2024-11-21 19:23:05.373695	2	100	9	\N	\N	\N
54	2023-12-15 00:00:00	2	0	9	\N	\N	\N
55	2023-12-15 00:00:00	2	0	9	\N	\N	\N
56	2023-12-15 00:00:00	2	0	9	\N	\N	\N
57	2023-12-15 00:00:00	2	0	9	\N	\N	\N
58	2023-12-15 00:00:00	2	0	9	\N	\N	\N
59	2023-12-15 00:00:00	2	0	9	\N	\N	\N
60	2023-12-15 00:00:00	2	0	9	\N	\N	\N
61	2023-12-15 00:00:00	2	0	9	\N	\N	\N
62	2023-12-15 00:00:00	2	0	9	\N	\N	\N
63	2023-12-15 00:00:00	2	0	9	\N	\N	\N
64	2023-12-15 00:00:00	2	0	9	\N	\N	\N
65	2023-12-15 00:00:00	2	0	9	\N	\N	\N
66	2023-12-15 00:00:00	2	0	9	\N	\N	\N
67	2023-12-15 00:00:00	2	0	9	\N	\N	\N
68	2023-12-15 00:00:00	2	0	9	\N	\N	\N
69	2023-12-15 00:00:00	2	0	9	\N	\N	\N
70	2023-12-15 00:00:00	2	0	9	\N	\N	\N
72	2023-12-15 00:00:00	2	0	9	\N	\N	\N
73	2023-12-15 00:00:00	2	0	9	\N	\N	\N
74	2023-12-15 00:00:00	2	0	9	\N	\N	\N
75	2023-12-15 00:00:00	2	0	9	\N	\N	\N
76	2023-12-15 00:00:00	2	0	9	\N	\N	\N
77	2023-12-15 00:00:00	2	0	9	\N	\N	\N
78	2023-12-15 00:00:00	2	0	9	\N	\N	\N
79	2023-12-15 00:00:00	2	0	9	\N	\N	\N
80	2023-12-15 00:00:00	2	0	9	\N	\N	\N
81	2023-12-15 00:00:00	2	0	9	\N	\N	\N
82	2023-12-15 00:00:00	2	0	9	\N	\N	\N
83	2023-12-15 00:00:00	2	0	9	\N	\N	\N
84	2023-12-15 00:00:00	2	0	9	\N	\N	\N
85	2023-12-15 00:00:00	2	0	9	\N	\N	\N
86	2023-12-15 00:00:00	2	0	9	\N	\N	\N
87	2023-12-15 00:00:00	2	0	9	\N	\N	\N
88	2023-12-15 00:00:00	2	0	9	\N	\N	\N
138	2025-06-04 16:27:33.941	1	0	27	\N	\N	\N
90	2023-12-01 10:00:00	3	0	14	\N	\N	\N
91	2023-12-01 10:00:00	3	0	9	\N	\N	\N
92	2023-12-01 10:00:00	3	0	9	\N	\N	\N
93	2023-12-01 10:00:00	3	0	9	\N	\N	\N
94	2023-12-01 10:00:00	3	0	9	\N	\N	\N
95	2023-12-01 10:00:00	3	0	9	\N	\N	\N
71	2023-12-15 00:00:00	2	0	9	2025-05-02 16:29:04.49213	PAID	4a123e5e-11e3-42d5-aac6-6bf0c4f0c206
6	2024-11-07 17:15:14.538157	5	100	9	2025-05-02 16:29:49.002816	PAID	27038c9f-ad92-4c03-8110-d17aa7eaf648
96	2023-12-01 10:00:00	3	0	18	\N	\N	\N
139	2025-06-04 18:36:31.497	1	0	27	\N	\N	\N
89	2023-12-01 10:00:00	3	0	9	\N	\N	\N
97	2023-12-01 10:00:00	3	0	18	\N	\N	\N
98	2023-12-01 10:00:00	3	0	9	\N	\N	\N
99	2023-12-01 10:00:00	3	0	9	\N	\N	\N
100	2023-12-01 10:00:00	1	0	9	\N	\N	\N
5	2024-11-07 17:09:11.789603	5	100	9	2025-05-15 17:01:06.96943	PAID	537c904c-9d81-43fd-bfa2-df12fa441396
101	2023-12-01 10:00:00	3	0	9	\N	\N	\N
102	2023-12-01 10:00:00	3	0	9	\N	\N	\N
103	2023-12-01 10:00:00	3	0	9	\N	\N	\N
105	2025-05-30 21:36:27.038	1	0	27	\N	\N	\N
104	2025-05-30 21:36:27.039	1	0	27	\N	\N	\N
106	2025-05-30 22:23:36.518	1	0	27	\N	\N	\N
107	2025-05-30 22:28:31.847	1	0	27	\N	\N	\N
108	2025-05-30 22:28:31.847	1	0	27	\N	\N	\N
109	2023-12-01 10:00:00	1	0	27	\N	\N	\N
110	2025-05-30 23:21:26.87	1	0	27	\N	\N	\N
111	2025-05-30 23:27:36.434	1	0	27	\N	\N	\N
112	2025-05-30 23:38:36.556	1	0	27	\N	\N	\N
113	2025-06-02 23:55:39.513	1	0	27	\N	\N	\N
114	2025-06-03 01:01:00.02	1	0	27	\N	\N	\N
115	2025-06-03 01:01:44.365	1	0	27	\N	\N	\N
116	2025-06-03 01:18:57.599	1	0	27	\N	\N	\N
117	2025-06-03 01:21:39.568	1	0	27	\N	\N	\N
118	2025-06-03 01:21:39.573	1	0	27	\N	\N	\N
119	2023-12-01 10:00:00	3	0	9	\N	\N	\N
120	2025-06-03 01:55:16.017	1	0	27	\N	\N	\N
121	2025-06-03 01:55:16.017	1	0	27	\N	\N	\N
122	2025-06-03 01:55:16.019	1	0	27	\N	\N	\N
123	2025-06-03 01:56:13.036	1	0	27	\N	\N	\N
125	2025-06-03 02:09:18.993	1	0	27	\N	\N	\N
126	2025-06-03 02:09:18.994	1	0	27	\N	\N	\N
124	2025-06-03 02:09:18.993	1	0	27	\N	\N	\N
127	2025-06-03 02:57:34.774	1	0	27	\N	\N	\N
128	2025-06-03 03:40:11.435	1	0	27	\N	\N	\N
131	2025-06-03 03:46:00.716	1	0	27	\N	\N	\N
129	2025-06-03 03:46:00.717	1	0	27	\N	\N	\N
130	2025-06-03 03:46:00.717	1	0	27	\N	\N	\N
132	2025-06-03 03:46:00.718	1	0	27	\N	\N	\N
133	2025-06-03 03:51:59.246	1	0	27	\N	\N	\N
135	2025-06-03 14:33:44.866	1	0	27	\N	\N	\N
134	2025-06-03 14:33:44.874	1	0	27	\N	\N	\N
136	2025-06-03 18:59:45.973	1	0	27	\N	\N	\N
137	2025-06-04 15:19:00.149	1	0	27	\N	\N	\N
140	2025-06-04 19:04:15.543	1	0	27	\N	\N	\N
141	2025-06-04 22:11:03.626	1	0	27	\N	\N	\N
142	2025-06-05 00:41:18.625	1	0	27	\N	\N	\N
143	2025-06-05 01:19:39.61	1	0	27	\N	\N	\N
144	2025-06-05 01:22:37.078	1	0	27	\N	\N	\N
145	2025-06-05 01:23:13.199	1	0	27	\N	\N	\N
146	2025-06-05 01:32:12.079	1	0	27	\N	\N	\N
148	2025-06-05 01:43:58.166	1	0	27	\N	\N	\N
147	2025-06-05 01:43:58.164	1	0	27	\N	\N	\N
149	2025-06-05 01:49:59.429	1	0	27	\N	\N	\N
150	2025-06-05 01:59:54.37	1	0	27	\N	\N	\N
151	2025-06-05 02:00:25.88	1	0	27	\N	\N	\N
152	2025-06-05 03:10:16.837	1	0	27	\N	\N	\N
153	2025-06-06 13:41:21.205	1	0	27	\N	\N	\N
154	2025-06-06 17:53:15.194	1	0	27	\N	\N	\N
155	2025-06-06 17:53:15.194	1	0	27	\N	\N	\N
156	2025-06-06 22:10:05.096	1	0	27	\N	\N	\N
157	2025-06-06 22:22:30.014	1	0	27	\N	\N	\N
\.


--
-- Data for Name: administration; Type: TABLE DATA; Schema: public; Owner: postgres
--

COPY public.administration (id, adresse_administration, name_administration, email, role, user_id) FROM stdin;
1	Paris	JO France Administration	terry.msbusiness@gmail.com	\N	\N
\.


--
-- Data for Name: complexe_sportif; Type: TABLE DATA; Schema: public; Owner: postgres
--

COPY public.complexe_sportif (id, adresse_complexe, name_complexe, administration_id) FROM stdin;
1	Martinique	Complexe_Martinique	1
3	Bordeaux	Complexe_Bordeaux	1
5	Grenoble	Complexe_Grenoble	1
6	Lille	Complexe_Lille	1
7	Tahiti	Complexe_Tahiti	1
8	Lyon	Complexe_Lyon	1
9	Paris	Complexe_Paris	1
10	Marseille	Complexe_Marseille	1
11	Saint-etienne	Complexe_STEtienne	1
\.


--
-- Data for Name: epreuve_sportive; Type: TABLE DATA; Schema: public; Owner: postgres
--

COPY public.epreuve_sportive (id, duration_in_seconds, image_url, name_epreuve_sportive, niveau_epreuve, type_epreuve_sportive, hall_id, ticket_price, ticket_id) FROM stdin;
9	5000	https://cdn.pixabay.com/photo/2017/02/09/16/48/brazilian-jiu-jitsu-2052829_1280.jpg	Epreuves Judo Demi final	Demi final	Judo	15	20	9
15	5000	https://cdn.pixabay.com/photo/2013/05/29/00/03/san-diego-114337_1280.jpg	Epreuves Boxe Demi Final	Demi final	Basket	13	20	15
16	5000	https://cdn.pixabay.com/photo/2021/01/28/12/51/player-5957916_1280.jpg	Epreuves Basket quart de final	Quart de final	Basket	4	15	16
18	5000	https://cdn.pixabay.com/photo/2013/02/05/19/16/swimming-78112_1280.jpg	Epreuves Natation  Demi final	Demi final	Natation	40	10	18
24	7000	https://cdn.pixabay.com/photo/2020/08/16/19/29/surf-5493649_1280.jpg	Epreuves Surf Final Homme Duo	Final	Surf	21	69	24
17	4000	https://cdn.pixabay.com/photo/2014/06/17/16/45/sport-370569_1280.jpg	Epreuves Natation Final	Final	Natation	39	10	17
10	5000	https://cdn.pixabay.com/photo/2017/03/08/00/10/judo-2125606_1280.jpg	Epreuves Judo Final	Final	Judo	27	20	10
1	5000	https://cdn.pixabay.com/photo/2016/11/21/17/33/body-1846668_1280.jpg	Epreuves Boxe Final	Final	Boxe	1	30	1
2	500	https://cdn.pixabay.com/photo/2013/02/05/00/43/boxers-77966_1280.jpg	Epreuves Boxe  Demi final	Demi final	Boxe	2	35	2
3	5000	https://cdn.pixabay.com/photo/2021/11/05/20/36/boxing-6771971_1280.jpg	Epreuves Boxe quart de final	Quart de final	Boxe	3	35	3
4	5000	https://cdn.pixabay.com/photo/2021/11/05/20/36/boxing-6771970_1280.jpg	Epreuves Boxe seizième de  Final Homme	Seizième de final	Boxe	4	30	4
5	4000	https://cdn.pixabay.com/photo/2018/03/23/11/57/girl-3253532_1280.jpg	Epreuves Boxe Final Femme	Final	Boxe	14	30	5
19	5000	https://cdn.pixabay.com/photo/2020/09/30/17/59/swimmers-5616617_1280.jpg	Epreuves Natation Quart de final	Quart de final	Natation	16	10	19
20	5000	https://cdn.pixabay.com/photo/2015/02/25/22/42/athletics-649663_1280.jpg	Epreuves Athlétisme Final 100 M Homme	Final	Athlétisme 	33	40	20
21	20	https://cdn.pixabay.com/photo/2017/02/09/22/48/anyika-onuora-2053748_1280.jpg	Epreuves 100M Femme  Final	Final	Athlétisme 	33	40	21
7	7000	https://cdn.pixabay.com/photo/2020/08/16/19/29/surf-5493649_1280.jpg	Epreuves Surf  Homme Final Trio	Final	Surf	21	129	7
22	18000	https://www.istockphoto.com/photo/marathon-runners-multiracial-group-of-gm1921750831-555407144?utm_source=pixabay&utm_medium=affiliate&utm_campaign=sponsored_image&utm_content=srp_topbannerNone_media&utm_term=marathon	Marathon de Paris  epreuve final tarif duo	Expert	Course 1	2	99.99	22
23	18000	https://www.istockphoto.com/photo/marathon-runners-multiracial-group-of-gm1921750831-555407144?utm_source=pixabay&utm_medium=affiliate&utm_campaign=sponsored_image&utm_content=srp_topbannerNone_media&utm_term=marathon	Epreuve Marathon Final solo 	Final	Athlétisme 	1	50	23
6	7000	https://cdn.pixabay.com/photo/2017/08/27/15/38/surfing-2686450_1280.jpg	Epreuves Surf  Homme Final Solo	Final	Surf	25	50	6
8	7000	https://cdn.pixabay.com/photo/2017/04/08/10/23/surfing-2212948_1280.jpg	Epreuves Surf Demi Final Homme	Demi final	Surf	21	39	8
11	5000	https://cdn.pixabay.com/photo/2014/10/14/20/24/football-488714_1280.jpg	Epreuves Football Homme Final Trio	Final	Football	43	39	11
14	5000	https://cdn.pixabay.com/photo/2013/04/05/14/12/basketball-100731_1280.jpg	Epreuves Basket Final	Final	Basket	15	20	24
12	5000	https://cdn.pixabay.com/photo/2016/08/13/11/57/stadium-1590576_1280.jpg	Epreuves Football Final Duo	Final	Football	41	29	22
13	5000	https://cdn.pixabay.com/photo/2014/03/18/20/21/man-290186_1280.jpg	Epreuves Football Homme  Final solo	Final	Football	41	15	23
\.


--
-- Data for Name: hall; Type: TABLE DATA; Schema: public; Owner: postgres
--

COPY public.hall (id, name, number_place, complexe_sportif_id) FROM stdin;
1	Hall1_Bordeaux	2000	3
2	Hall2_Bordeaux	25000	3
3	Hall3_Bordeaux	30000	3
4	Hall4_Bordeaux	1000	3
5	Hall5_Bordeaux	10000	3
6	Hall1_Martinique	3000	1
7	Hall2_Martinique	5000	1
8	Hall3_Martinique	10000	1
9	Hall4_Martinique	2500	1
10	Hall5_Martinique	4500	1
11	Hall1_Grenoble	15000	5
12	Hall2_Grenoble	3000	5
13	Hall3_Grenoble	5000	5
14	Hall4_Grenoble	12000	5
15	Hall1_Lille	4552	6
16	Hall2_Lille	23000	6
17	Hall3_Lille	12354	6
18	Hall4_Lille	2100	6
19	Hall5_Lille	23658	6
20	Hall6_Lille	25000	6
21	Hall1_Tahiti	12000	7
22	Hall2_Tahiti	23456	7
23	Hall3_Tahiti	3245	7
24	Hall4_Tahiti	12000	7
25	Hall5_Tahiti	14000	7
26	Hall6_Tahiti	3000	7
27	Hall1_Lyon	20000	8
28	Hall2_Lyon	33000	8
29	Hall3_Lyon	22000	8
30	Hall4_Lyon	20000	8
31	Hall5_Lyon	15000	8
32	Hall6_Lyon	22000	8
33	Hall1_Paris	40000	9
34	Hall2_Paris	27000	9
35	Hall3_Paris	17000	9
36	Hall4_Paris	24000	9
37	Hall5_Paris	5000	9
38	Hall6_Paris	80000	9
39	Hall1_Marseille	8000	10
40	Hall2_Marseille	45000	10
41	Hall3_Marseille	33000	10
42	Hall4_Marseille	9000	10
43	Hall5_Marseille	14000	10
44	Hall6_Marseille	20000	10
45	Hall_Hawai	7500	6
\.


--
-- Data for Name: role; Type: TABLE DATA; Schema: public; Owner: postgres
--

COPY public.role (id, name) FROM stdin;
\.


--
-- Data for Name: tarif; Type: TABLE DATA; Schema: public; Owner: postgres
--

COPY public.tarif (id, name_tarif, offre_tarif, tarif, epreuve_sportive_id) FROM stdin;
4	Tarif trio famille	Promo été	89.99	\N
5	Tarif duo famille	Promo été	69.99	\N
6	Tarif solo 	Promo été	39.99	\N
\.


--
-- Data for Name: ticket; Type: TABLE DATA; Schema: public; Owner: postgres
--

COPY public.ticket (id, is_used, price, remaining_places, seat, start_time_epreuve, administration_id, complexe_sportif_id, epreuve_sportive_id, hall_id, achat_id) FROM stdin;
1	f	5000	30	A1	2024-12-01 18:00:00	1	8	1	27	7
2	f	500	35	B2	2024-12-02 16:30:00	1	8	2	28	6
3	f	5000	35	C3	2024-12-03 15:00:00	1	8	3	29	7
10	f	5000	20	J10	2024-12-10 14:00:00	1	9	10	34	14
22	f	5000	15	L12	2024-12-12 19:00:00	1	9	12	36	16
23	f	5000	15	M13	2024-12-13 18:00:00	1	9	13	37	17
24	f	5000	20	N14	2024-12-14 16:00:00	1	6	14	15	18
15	f	5000	20	O15	2024-12-15 15:00:00	1	6	15	16	48
16	f	5000	15	P16	2024-12-16 14:00:00	1	6	16	17	49
17	f	4000	10	Q17	2024-12-17 10:00:00	1	10	17	39	54
18	f	5000	10	R18	2024-12-18 09:00:00	1	10	18	40	55
19	f	5000	10	S19	2024-12-19 08:00:00	1	10	19	41	56
20	f	5000	40	T20	2024-12-20 17:00:00	1	9	20	34	57
21	f	20	40	U21	2024-12-21 16:00:00	1	9	21	35	58
4	f	29	23	D56	2025-12-21 12:00:00	1	8	4	34	59
5	f	5000	13	D33	2024-12-14 16:00:00	1	6	5	34	60
6	f	5000	21	N12	2025-12-14 16:00:00	1	10	6	15	61
7	f	129	31	A21	2025-12-14 16:00:00	1	6	7	21	59
8	f	39	23	N13	2025-12-14 17:00:00	1	6	8	21	60
9	f	2	27	N14	2025-12-15 17:00:00	1	9	9	15	62
\.


--
-- Data for Name: ticket_tarif; Type: TABLE DATA; Schema: public; Owner: postgres
--

COPY public.ticket_tarif (ticket_id, tarif_id) FROM stdin;
16	2
\.


--
-- Data for Name: user_roles; Type: TABLE DATA; Schema: public; Owner: postgres
--

COPY public.user_roles (user_id, role_id) FROM stdin;
\.


--
-- Data for Name: users; Type: TABLE DATA; Schema: public; Owner: postgres
--

COPY public.users (id, password, tel, type, username, email, roles) FROM stdin;
9	$2a$10$UdxPHOH2ke7ku5ModPfeJOB5pwJwCFQiPsqiPDWgApl0XGcfU7/Pq	\N	user	tony	default@example.com	\N
14	$2a$10$8t5oJMvKJ5jwysC4dBQJVeHcbkVjPwPcUvA/JsFkG0mn3CEpsAniS	\N	user	toto	user+bd920ec7-001c-49e8-9254-192e7a24db551729454136025@example.com	\N
15	jp972	0678676544	User	jp972	jose.paul972@gmail.com	\N
16	$2a$10$dCRbOh9Q2aikoXr7n0LOK.FU/kqxIU9X0S6JIJhxNNcPK3qyoPX1W	\N	user	mymy	user+8574d0f4-a213-482f-9d7e-c3d81a522a6c1729458017161@example.com	\N
17	$2a$10$3/BbuxqLKiD2G0gfxr6TYOkTA70GLBcC7hDZot6o6YvT9041M71H6	\N	user	nono	user+d62ac32e-9704-4cbc-916d-12e4a4448fb71729461938497@example.com	\N
18	$2a$10$7RDMOwJgXGc7lYm2vdBj0u1NTp5QjcvQyq8wVP5urQ5lOgb2Kq9mm	\N	user	jeanjean	user+011f6885-a639-4f96-be28-7b5fb9870d7e1729547716846@example.com	\N
19	$2a$10$iDOuXL/egkWT06bW9psqxuCSAeGj1oBNIedYviWbTeEjn2XLmj2Gq	\N	user	tonyo	user+0b864318-5c1d-46c2-8f2f-c1949d70b4071729628894626@example.com	\N
20	$2a$10$2Jd4CyI4jz9EfEAihfYpeOPPSwUWzqFKlUAR5DSP0PCEb4ja/j65q	\N	user	terry	user+b65a6d8e-5359-4127-972f-e72db84279141729775483850@example.com	\N
21	$2a$10$DfbVhN4mPjt77RyKrq2SUOu35/joQ4T.WEMdMoqTeobQoagc2FlaC	\N	user	turpin	user+26378cdd-4718-42a2-8118-e289704c6b271730907588174@example.com	\N
22	$2a$10$ZAdBZ5DnO1Z7S8fcsmnRDOdOwgc0LINNkH2Z5hqU8PTUDMG1A6/46	\N	user	tom	user+7313dcb3-182e-44d6-bed2-5c6808f47bda1731424638027@example.com	\N
23	$2a$10$u4XLGATIQJcpTTDgmMiCvutsTz6mjaCMQpAeSGb9t5lIGB3zWnbm2	\N	user	titi	user+285132c6-4959-4bc7-8ad5-b1baf44f8aa61731432532567@example.com	\N
24	$2a$10$QZTRKD3gJfHP1.SAOTFSDOQ/Sd7AEV95mdM6DNGvTd4bFxttzzqT.	\N	user	grostomy	user+bdf8a567-68f2-49d1-9604-7efa6526c6891731442528590@example.com	\N
25	$2a$10$oDRNOguKoH9Ig4YMQqoQwuW9lnMvcIcc76YVC7O3ZLFXxx7dLsjk.	\N	user	pididy	utilisateur@domaine.com	\N
26	$2a$10$EzAxHNXZeqjEcf979z0Vd.XsK5kdfbxNnC6tBQq.ptZMoze6WCEV6	\N	user	mymy2	mymyutilisateur@domaine.com	\N
27	$2a$10$VU/HWqFQVv4O/GYelJEqVurw756sKJVXVrJeHeKUctjwQ.jqq9Aee	\N	user	donjuan	donjuan@gmail.com	\N
28	$2a$10$BWbmp1.srUNRO5symvmq2e/YBeLZrg3q12IADNZtcxBer0tLgYoeC	\N	user	dd	dd@domaine.com	\N
29	$2a$10$DXqj7eBnT2jeo4Ho1FnlkO5hxADPAgy8B1rosTLYAlaYZwHUj8b2K	\N	user	sysy	sysy@domaine.com	\N
30	$2a$10$g2SJ8aYJf/2m1xiSyTCKXuLWl6OL1XpGtqeHOy1rTkn8Yoyqhhsqq	0612345678	acheteur	testuser	test@example.com	ROLE_USER
31	$2a$10$6dSg8xdcvWz48uoy.hbPfeE0RaEoZMJnAiVyFYZyZPn7Ug4W1PhZu	0696973970	acheteur	tintin	tintin@gmail.com	ROLE_USER
32	$2a$10$tyKaSkXJps0k9M6ma0pB0OYAQYuF.aHTqLKgp.0Rz0Vs8NKnNcNp2	0696933970	acheteur	vaiana	vaiana@gmail.com	ROLE_USER
33	$2a$10$1Fz2T5uDXjegGLuIenCWPeSQv0tnfOASO2fL1zrmInhE8/bpePvC.		acheteur	diams	diams@gmail.com	ROLE_USER
34	$2a$10$pMmFAZ.39iLBuLBKF.Aj5usx8xt7ZDLr90otBuInRuYRyhm.xfiKi		user	noa	noa@domaine.com	ROLE_USER
\.


--
-- Name: achats_id_seq; Type: SEQUENCE SET; Schema: public; Owner: postgres
--

SELECT pg_catalog.setval('public.achats_id_seq', 157, true);


--
-- Name: administration_id_seq; Type: SEQUENCE SET; Schema: public; Owner: postgres
--

SELECT pg_catalog.setval('public.administration_id_seq', 1, true);


--
-- Name: complexe_sportif_id_seq; Type: SEQUENCE SET; Schema: public; Owner: postgres
--

SELECT pg_catalog.setval('public.complexe_sportif_id_seq', 11, true);


--
-- Name: epreuve_sportive_id_seq; Type: SEQUENCE SET; Schema: public; Owner: postgres
--

SELECT pg_catalog.setval('public.epreuve_sportive_id_seq', 24, true);


--
-- Name: hall_id_seq; Type: SEQUENCE SET; Schema: public; Owner: postgres
--

SELECT pg_catalog.setval('public.hall_id_seq', 45, true);


--
-- Name: pdd_seq; Type: SEQUENCE SET; Schema: public; Owner: postgres
--

SELECT pg_catalog.setval('public.pdd_seq', 1, true);


--
-- Name: role_id_seq; Type: SEQUENCE SET; Schema: public; Owner: postgres
--

SELECT pg_catalog.setval('public.role_id_seq', 1, false);


--
-- Name: tarif_id_seq; Type: SEQUENCE SET; Schema: public; Owner: postgres
--

SELECT pg_catalog.setval('public.tarif_id_seq', 6, true);


--
-- Name: ticket_id_seq; Type: SEQUENCE SET; Schema: public; Owner: postgres
--

SELECT pg_catalog.setval('public.ticket_id_seq', 24, true);


--
-- Name: users_id_seq; Type: SEQUENCE SET; Schema: public; Owner: postgres
--

SELECT pg_catalog.setval('public.users_id_seq', 34, true);


--
-- Name: achats achats_pkey; Type: CONSTRAINT; Schema: public; Owner: postgres
--

ALTER TABLE ONLY public.achats
    ADD CONSTRAINT achats_pkey PRIMARY KEY (id);


--
-- Name: administration administration_pkey; Type: CONSTRAINT; Schema: public; Owner: postgres
--

ALTER TABLE ONLY public.administration
    ADD CONSTRAINT administration_pkey PRIMARY KEY (id);


--
-- Name: complexe_sportif complexe_sportif_pkey; Type: CONSTRAINT; Schema: public; Owner: postgres
--

ALTER TABLE ONLY public.complexe_sportif
    ADD CONSTRAINT complexe_sportif_pkey PRIMARY KEY (id);


--
-- Name: epreuve_sportive epreuve_sportive_pkey; Type: CONSTRAINT; Schema: public; Owner: postgres
--

ALTER TABLE ONLY public.epreuve_sportive
    ADD CONSTRAINT epreuve_sportive_pkey PRIMARY KEY (id);


--
-- Name: hall hall_pkey; Type: CONSTRAINT; Schema: public; Owner: postgres
--

ALTER TABLE ONLY public.hall
    ADD CONSTRAINT hall_pkey PRIMARY KEY (id);


--
-- Name: role role_pkey; Type: CONSTRAINT; Schema: public; Owner: postgres
--

ALTER TABLE ONLY public.role
    ADD CONSTRAINT role_pkey PRIMARY KEY (id);


--
-- Name: tarif tarif_pkey; Type: CONSTRAINT; Schema: public; Owner: postgres
--

ALTER TABLE ONLY public.tarif
    ADD CONSTRAINT tarif_pkey PRIMARY KEY (id);


--
-- Name: ticket ticket_pkey; Type: CONSTRAINT; Schema: public; Owner: postgres
--

ALTER TABLE ONLY public.ticket
    ADD CONSTRAINT ticket_pkey PRIMARY KEY (id);


--
-- Name: ticket_tarif ticket_tarif_pkey; Type: CONSTRAINT; Schema: public; Owner: postgres
--

ALTER TABLE ONLY public.ticket_tarif
    ADD CONSTRAINT ticket_tarif_pkey PRIMARY KEY (ticket_id, tarif_id);


--
-- Name: users uk6dotkott2kjsp8vw4d0m25fb7; Type: CONSTRAINT; Schema: public; Owner: postgres
--

ALTER TABLE ONLY public.users
    ADD CONSTRAINT uk6dotkott2kjsp8vw4d0m25fb7 UNIQUE (email);


--
-- Name: users ukr43af9ap4edm43mmtq01oddj6; Type: CONSTRAINT; Schema: public; Owner: postgres
--

ALTER TABLE ONLY public.users
    ADD CONSTRAINT ukr43af9ap4edm43mmtq01oddj6 UNIQUE (username);


--
-- Name: users users_pkey; Type: CONSTRAINT; Schema: public; Owner: postgres
--

ALTER TABLE ONLY public.users
    ADD CONSTRAINT users_pkey PRIMARY KEY (id);


--
-- Name: ticket_tarif fk1cit8jw6b0sh3lykyetgb095y; Type: FK CONSTRAINT; Schema: public; Owner: postgres
--

ALTER TABLE ONLY public.ticket_tarif
    ADD CONSTRAINT fk1cit8jw6b0sh3lykyetgb095y FOREIGN KEY (ticket_id) REFERENCES public.ticket(id);


--
-- Name: achats fk83ygjbpcyt119ydba9b5nuvrr; Type: FK CONSTRAINT; Schema: public; Owner: postgres
--

ALTER TABLE ONLY public.achats
    ADD CONSTRAINT fk83ygjbpcyt119ydba9b5nuvrr FOREIGN KEY (user_id) REFERENCES public.users(id);


--
-- Name: tarif fkdnp9u1j8t4cqwgmoxhenurq9f; Type: FK CONSTRAINT; Schema: public; Owner: postgres
--

ALTER TABLE ONLY public.tarif
    ADD CONSTRAINT fkdnp9u1j8t4cqwgmoxhenurq9f FOREIGN KEY (epreuve_sportive_id) REFERENCES public.epreuve_sportive(id);


--
-- Name: achat_ticket fkdqskb3goxgvbb6rfh99sirio1; Type: FK CONSTRAINT; Schema: public; Owner: postgres
--

ALTER TABLE ONLY public.achat_ticket
    ADD CONSTRAINT fkdqskb3goxgvbb6rfh99sirio1 FOREIGN KEY (achat_id) REFERENCES public.achats(id);


--
-- Name: ticket fkeqlnaerr1lryqwtb1euxudflh; Type: FK CONSTRAINT; Schema: public; Owner: postgres
--

ALTER TABLE ONLY public.ticket
    ADD CONSTRAINT fkeqlnaerr1lryqwtb1euxudflh FOREIGN KEY (hall_id) REFERENCES public.hall(id);


--
-- Name: complexe_sportif fkga1qpu3t2x3p5umjeaavngma4; Type: FK CONSTRAINT; Schema: public; Owner: postgres
--

ALTER TABLE ONLY public.complexe_sportif
    ADD CONSTRAINT fkga1qpu3t2x3p5umjeaavngma4 FOREIGN KEY (administration_id) REFERENCES public.administration(id);


--
-- Name: hall fkge024rnax48metlc66xqjmpwg; Type: FK CONSTRAINT; Schema: public; Owner: postgres
--

ALTER TABLE ONLY public.hall
    ADD CONSTRAINT fkge024rnax48metlc66xqjmpwg FOREIGN KEY (complexe_sportif_id) REFERENCES public.complexe_sportif(id);


--
-- Name: ticket fkgpdm3mfd2xqpfv09wfhhvmclb; Type: FK CONSTRAINT; Schema: public; Owner: postgres
--

ALTER TABLE ONLY public.ticket
    ADD CONSTRAINT fkgpdm3mfd2xqpfv09wfhhvmclb FOREIGN KEY (complexe_sportif_id) REFERENCES public.complexe_sportif(id);


--
-- Name: epreuve_sportive fkisffnn44vdphc7719mm4e5nfp; Type: FK CONSTRAINT; Schema: public; Owner: postgres
--

ALTER TABLE ONLY public.epreuve_sportive
    ADD CONSTRAINT fkisffnn44vdphc7719mm4e5nfp FOREIGN KEY (hall_id) REFERENCES public.hall(id);


--
-- Name: ticket fko7993jsvoffr3522eba5t0bhe; Type: FK CONSTRAINT; Schema: public; Owner: postgres
--

ALTER TABLE ONLY public.ticket
    ADD CONSTRAINT fko7993jsvoffr3522eba5t0bhe FOREIGN KEY (administration_id) REFERENCES public.administration(id);


--
-- Name: administration fko81ttn4p91c0crgmlwceth78m; Type: FK CONSTRAINT; Schema: public; Owner: postgres
--

ALTER TABLE ONLY public.administration
    ADD CONSTRAINT fko81ttn4p91c0crgmlwceth78m FOREIGN KEY (user_id) REFERENCES public.users(id);


--
-- Name: ticket fkoxg575gll1u05ov53apt6cikx; Type: FK CONSTRAINT; Schema: public; Owner: postgres
--

ALTER TABLE ONLY public.ticket
    ADD CONSTRAINT fkoxg575gll1u05ov53apt6cikx FOREIGN KEY (epreuve_sportive_id) REFERENCES public.epreuve_sportive(id);


--
-- Name: achat_ticket fkp8nh9ka9p68b8cae4cpfh586b; Type: FK CONSTRAINT; Schema: public; Owner: postgres
--

ALTER TABLE ONLY public.achat_ticket
    ADD CONSTRAINT fkp8nh9ka9p68b8cae4cpfh586b FOREIGN KEY (ticket_id) REFERENCES public.ticket(id);


--
-- Name: user_roles fkrhfovtciq1l558cw6udg0h0d3; Type: FK CONSTRAINT; Schema: public; Owner: postgres
--

ALTER TABLE ONLY public.user_roles
    ADD CONSTRAINT fkrhfovtciq1l558cw6udg0h0d3 FOREIGN KEY (role_id) REFERENCES public.role(id);


--
-- Name: ticket fks8j57cwnuxudne90ja7rf4iyo; Type: FK CONSTRAINT; Schema: public; Owner: postgres
--

ALTER TABLE ONLY public.ticket
    ADD CONSTRAINT fks8j57cwnuxudne90ja7rf4iyo FOREIGN KEY (achat_id) REFERENCES public.achats(id);


--
-- PostgreSQL database dump complete
--

